filename,note
1607662862521-14.jpg,annotation ´ú µÊ
1627442579671.jpg,annotation ´ú µÊ/box tightÇÏÁö ¾ÊÀ½
1628359968950-1.jpg,annotation ´ú µÊ
1631619209578-2.jpg,annotation ´ú µÊ
20191222_173310.jpg,annotation ¾Æ¿¹ ¾È µÊ
20191222_225910.jpg,annotation ¾Æ¿¹ ¾È µÊ
20200823_212502.jpg,annotation ¾Æ¿¹ ¾È µÊ
20200829_012546.jpg,annotation ¾Æ¿¹ ¾È µÊ
20210913_222612.jpeg,annotation ¾Æ¿¹ ¾È µÊ
20210914_222525.jpg,annotation ¾Æ¿¹ ¾È µÊ
20210916_204603.jpeg,annotation ¾Æ¿¹ ¾È µÊ
20210916_204605.jpeg,annotation ¾Æ¿¹ ¾È µÊ
20210916_204628.jpeg,annotation ¾Æ¿¹ ¾È µÊ
20210918_105750.jpg,annotation ¾Æ¿¹ ¾È µÊ
20210919_165118.jpg,annotation ¾Æ¿¹ ¾È µÊ
20210925_135221.jpg,annotation ¾Æ¿¹ ¾È µÊ
